S.No.,X,Y,CTR
1,-73.859173,41.072977,USA
11,173.245573029186,-41.2921846525239,NZL
12,58.2102461068563,23.6279233969274,OMN
13,142.358695442947,43.7804999895885,JPN
15,2.33183,48.83753,FRA




