S.No.,X,Y,CTR
1,-73.859173,41.072977,USA
2,-73.858614,41.072706,USA
3,-73.852772,41.071561,USA
4,-73.864994,41.09376,USA
5,-73.845897,41.070945,USA
6,-73.8543,41.0772,USA
7,-73.8543,41.0772,USA
8,-73.832484,41.064923,USA
9,-73.8543,41.0772,USA
10,-73.8543,41.0772,USA
11,173.245573029186,-41.2921846525239,NZL
12,58.2102461068563,23.6279233969274,OMN
13,142.358695442947,43.7804999895885,JPN
14,-73.829782,41.059601,USA
15,2.33183,48.83753,FRA
16,79.877695,6.92191,LKA
17,28.76866,46.95186,MDA